<?xml version="1.0" encoding="UTF-8"?>
<project-private xmlns="http://www.netbeans.org/ns/project-private/1">
    <editor-bookmarks xmlns="http://www.netbeans.org/ns/editor-bookmarks/2" lastBookmarkId="0"/>
    <open-files xmlns="http://www.netbeans.org/ns/projectui-open-files/2">
        <group>
            <file>file:/F:/FILE/FILE%20FAISAL/TUGAS%20KAMPUS/Semester%204/JAVA%202/UtsTeori/src/auth/AuthForm.java</file>
            <file>file:/F:/FILE/FILE%20FAISAL/TUGAS%20KAMPUS/Semester%204/JAVA%202/UtsTeori/src/penjualan_item/PenjualanItemForm.java</file>
            <file>file:/F:/FILE/FILE%20FAISAL/TUGAS%20KAMPUS/Semester%204/JAVA%202/UtsTeori/src/sepatu/SepatuForm.java</file>
            <file>file:/F:/FILE/FILE%20FAISAL/TUGAS%20KAMPUS/Semester%204/JAVA%202/UtsTeori/src/main/Menu.java</file>
            <file>file:/F:/FILE/FILE%20FAISAL/TUGAS%20KAMPUS/Semester%204/JAVA%202/UtsTeori/src/penjualan/PenjualanForm.java</file>
            <file>file:/F:/FILE/FILE%20FAISAL/TUGAS%20KAMPUS/Semester%204/JAVA%202/UtsTeori/src/pegawai/PegawaiForm.java</file>
        </group>
    </open-files>
</project-private>
